name,architecture_name,model_to_use,optimizer,tsv_file,pdb_file,wt_seq,number_mutations,variants,score,dist_thr,channel_num,max_train_mutations,training_epochs,test_num,first_ind,r_seed,deploy_early_stop,es_monitor,es_min_d,es_patience,es_mode,es_restore_bw,load_trained_model,batch_size,save_fig,show_fig,write_to_log,silent,extensive_test,save_model,load_trained_weights,no_nan,settings_test,p_dir,split_def,validate_training,lr,transfer_conv_weights,train_conv_layers,write_temp,training_time_in_min
pab1_28_02_2022_123304,simple_model_imp,<function simple_model_imp at 0x7f5378263550>,<class 'keras.optimizer_v2.adam.Adam'>,datasets/pab1.tsv,datasets/pab1.pdb,GNIFIKNLHPDIDNKALYDTFSVFGDILSSKIATDENGKSKGFGFVHFEEEGAAKEAIDALNGMLLNGQEIYVAP,num_mutations,variant,score,20,6,None,100,5000,126,1,True,val_loss,0.01,20,auto,True,None,64,None,False,True,True,False,True,None,True,False,./result_files,[0.8_0.2],False,0.001,None,False,False,17.0
avgfp_28_02_2022_125019,simple_model_imp,<function simple_model_imp at 0x7f5378263550>,<class 'keras.optimizer_v2.adam.Adam'>,datasets/avgfp.tsv,datasets/avgfp.pdb,SKGEELFTGVVPILVELDGDVNGHKFSVSGEGEGDATYGKLTLKFICTTGKLPVPWPTLVTTLSYGVQCFSRYPDHMKQHDFFKSAMPEGYVQERTIFFKDDGNYKTRAEVKFEGDTLVNRIELKGIDFKEDGNILGHKLEYNYNSHNVYIMADKQKNGIKVNFKIRHNIEDGSVQLADHYQQNTPIGDGPVLLPDNHYLSTQSALSKDPNEKRDHMVLLEFVTAAGITHGMDELYK,num_mutations,variant,score_wt_norm,20,6,None,100,5000,0,1,True,val_loss,0.01,20,auto,True,None,64,None,False,True,True,False,True,None,True,False,./result_files,[0.8_0.2],False,0.001,None,False,False,173.0
gb1_28_02_2022_154347,simple_model_imp,<function simple_model_imp at 0x7f5378263550>,<class 'keras.optimizer_v2.adam.Adam'>,datasets/gb1.tsv,datasets/gb1.pdb,MQYKLILNGKTLKGETTTEAVDAATAEKVFKQYANDNGVDGEWTYDDATKTFTVTE,num_mutations,variant,score,20,6,None,100,5000,0,1,True,val_loss,0.01,20,auto,True,None,64,None,False,True,True,False,True,None,True,False,./result_files,[0.8_0.2],False,0.001,None,False,False,59.0
ube4b_28_02_2022_164248,simple_model_imp,<function simple_model_imp at 0x7f5378263550>,<class 'keras.optimizer_v2.adam.Adam'>,datasets/ube4b.tsv,datasets/ube4b.pdb,IEKFKLLAEKVEEIVAKNARAEIDYSDAPDEFRDPLMDTLMTDPVRLPSGTVMDRSIILRHLLNSPTDPFNRQMLTESMLEPVPELKEQIQAWMREKQSSDH,num_mutations,variant,score,20,6,None,100,5000,0,1,True,val_loss,0.01,20,auto,True,None,64,None,False,True,True,False,True,None,True,False,./result_files,[0.8_0.2],False,0.001,None,False,False,30.0
bgl3_28_02_2022_171236,simple_model_imp,<function simple_model_imp at 0x7f5378263550>,<class 'keras.optimizer_v2.adam.Adam'>,datasets/bgl3.tsv,datasets/bgl3.pdb,VPAAQQTAMAPDAALTFPEGFLWGSATASYQIEGAAAEDGRTPSIWDTYARTPGRVRNGDTGDVATDHYHRWREDVALMAELGLGAYRFSLAWPRIQPTGRGPALQKGLDFYRRLADELLAKGIQPVATLYHWDLPQELENAGGWPERATAERFAEYAAIAADALGDRVKTWTTLNEPWCSAFLGYGSGVHAPGRTDPVAALRAAHHLNLGHGLAVQALRDRLPADAQCSVTLNIHHVRPLTDSDADADAVRRIDALANRVFTGPMLQGAYPEDLVKDTAGLTDWSFVRDGDLRLAHQKLDFLGVNYYSPTLVSEADGSGTHNSDGHGRSAHSPWPGADRVAFHQPPGETTAMGWAVDPSGLYELLRRLSSDFPALPLVITENGAAFHDYADPEGNVNDPERIAYVRDHLAAVHRAIKDGSDVRGYFLWSLLDNFEWAHGYSKRFGAVYVDYPTGTRIPKASARWYAEVARTGVLPTAGDPNSSSVDKLAAALEHHHHHH,num_mutations,variant,score,20,6,None,100,5000,1,1,True,val_loss,0.01,20,auto,True,None,64,None,False,True,True,False,True,None,True,False,./result_files,[0.8_0.2],False,0.001,None,False,False,nan
pab1_01_03_2022_082742,simple_model_imp,<function simple_model_imp at 0x7f7f30a08550>,<class 'keras.optimizer_v2.adam.Adam'>,datasets/pab1.tsv,datasets/pab1.pdb,GNIFIKNLHPDIDNKALYDTFSVFGDILSSKIATDENGKSKGFGFVHFEEEGAAKEAIDALNGMLLNGQEIYVAP,num_mutations,variant,score,20,6,None,100,5000,126,1,True,val_loss,0.01,20,auto,True,None,32,None,False,True,True,False,True,None,True,False,./result_files,[330_ 1000],False,0.001,None,False,False,1.0
pab1_01_03_2022_082956,simple_model_imp,<function simple_model_imp at 0x7f2fcac65670>,<class 'keras.optimizer_v2.adam.Adam'>,datasets/pab1.tsv,datasets/pab1.pdb,GNIFIKNLHPDIDNKALYDTFSVFGDILSSKIATDENGKSKGFGFVHFEEEGAAKEAIDALNGMLLNGQEIYVAP,num_mutations,variant,score,20,6,None,100,5000,126,1,True,val_loss,0.01,20,auto,True,None,16,None,False,True,True,False,True,None,True,False,./result_files,[330_ 1000],False,0.001,None,False,False,0.0
pab1_01_03_2022_083246,simple_model_imp,<function simple_model_imp at 0x7f852b479670>,<class 'keras.optimizer_v2.adam.Adam'>,datasets/pab1.tsv,datasets/pab1.pdb,GNIFIKNLHPDIDNKALYDTFSVFGDILSSKIATDENGKSKGFGFVHFEEEGAAKEAIDALNGMLLNGQEIYVAP,num_mutations,variant,score,20,6,None,100,5000,126,1,True,val_loss,0.01,20,auto,True,None,64,None,False,True,True,False,True,None,True,False,./result_files,[330_ 1000],False,0.001,None,False,False,1.0
pab1_01_03_2022_083429,simple_model,<function simple_model at 0x7f25848a54c0>,<class 'keras.optimizer_v2.adam.Adam'>,datasets/pab1.tsv,datasets/pab1.pdb,GNIFIKNLHPDIDNKALYDTFSVFGDILSSKIATDENGKSKGFGFVHFEEEGAAKEAIDALNGMLLNGQEIYVAP,num_mutations,variant,score,20,6,None,100,5000,126,1,True,val_loss,0.01,20,auto,True,None,32,None,False,True,True,False,True,None,True,False,./result_files,[330_ 1000],False,0.001,None,False,False,1.0
pab1_01_03_2022_084640,simple_model_imp,<function simple_model_imp at 0x7f5be334f670>,<class 'keras.optimizer_v2.adam.Adam'>,datasets/pab1.tsv,datasets/pab1.pdb,GNIFIKNLHPDIDNKALYDTFSVFGDILSSKIATDENGKSKGFGFVHFEEEGAAKEAIDALNGMLLNGQEIYVAP,num_mutations,variant,score,20,6,None,100,5000,126,1,True,val_loss,0.01,20,auto,True,None,32,None,False,True,True,False,False,None,True,False,./result_files,[330_ 1000],False,0.0001,trained_simple_model_d6_bias/avgfp_28_02_2022_125019/avgfp_28_02_2022_125019,False,False,1.0
pab1_01_03_2022_084830,simple_model_imp,<function simple_model_imp at 0x7f8226776670>,<class 'keras.optimizer_v2.adam.Adam'>,datasets/pab1.tsv,datasets/pab1.pdb,GNIFIKNLHPDIDNKALYDTFSVFGDILSSKIATDENGKSKGFGFVHFEEEGAAKEAIDALNGMLLNGQEIYVAP,num_mutations,variant,score,20,6,None,100,5000,126,1,True,val_loss,0.01,20,auto,True,None,16,None,False,True,True,False,False,None,True,False,./result_files,[330_ 1000],False,1e-05,trained_simple_model_d6_bias/avgfp_28_02_2022_125019/avgfp_28_02_2022_125019,False,False,0.0
pab1_01_03_2022_084958,simple_model,<function simple_model at 0x7f7b49d864c0>,<class 'keras.optimizer_v2.adam.Adam'>,datasets/pab1.tsv,datasets/pab1.pdb,GNIFIKNLHPDIDNKALYDTFSVFGDILSSKIATDENGKSKGFGFVHFEEEGAAKEAIDALNGMLLNGQEIYVAP,num_mutations,variant,score,20,6,None,100,5000,126,1,True,val_loss,0.01,20,auto,True,None,16,None,False,True,True,False,False,None,True,False,./result_files,[330_ 1000],False,1e-05,trained_simple_model_d6_bias/avgfp_28_02_2022_125019/avgfp_28_02_2022_125019,False,False,0.0
pab1_01_03_2022_085030,simple_model,<function simple_model at 0x7fb7b957e4c0>,<class 'keras.optimizer_v2.adam.Adam'>,datasets/pab1.tsv,datasets/pab1.pdb,GNIFIKNLHPDIDNKALYDTFSVFGDILSSKIATDENGKSKGFGFVHFEEEGAAKEAIDALNGMLLNGQEIYVAP,num_mutations,variant,score,20,6,None,100,5000,126,1,True,val_loss,0.01,20,auto,True,None,64,None,False,True,True,False,False,None,True,False,./result_files,[330_ 1000],False,1e-05,trained_simple_model_d6_bias/avgfp_28_02_2022_125019/avgfp_28_02_2022_125019,False,False,1.0
pab1_01_03_2022_085831,simple_model_imp,<function simple_model_imp at 0x7f440285e670>,<class 'keras.optimizer_v2.adam.Adam'>,datasets/pab1.tsv,datasets/pab1.pdb,GNIFIKNLHPDIDNKALYDTFSVFGDILSSKIATDENGKSKGFGFVHFEEEGAAKEAIDALNGMLLNGQEIYVAP,num_mutations,variant,score,20,6,None,100,5000,126,1,True,val_loss,0.01,20,auto,True,None,64,None,False,True,True,False,False,None,True,False,./result_files,[330_ 1000],False,1e-05,trained_simple_model_d6_bias/avgfp_28_02_2022_125019/avgfp_28_02_2022_125019,False,False,3.0
pab1_01_03_2022_090354,simple_model,<function simple_model at 0x7f11b670e4c0>,<class 'keras.optimizer_v2.adam.Adam'>,datasets/pab1.tsv,datasets/pab1.pdb,GNIFIKNLHPDIDNKALYDTFSVFGDILSSKIATDENGKSKGFGFVHFEEEGAAKEAIDALNGMLLNGQEIYVAP,num_mutations,variant,score,20,6,None,100,5000,126,1,True,val_loss,0.01,20,auto,True,None,32,None,False,True,True,False,False,None,True,False,./result_files,[330_ 1000],False,0.001,trained_simple_model_d6/avgfp_25_02_2022_165502/avgfp_25_02_2022_165502,False,False,2.0
pab1_01_03_2022_090650,simple_model,<function simple_model at 0x7f15b91654c0>,<class 'keras.optimizer_v2.adam.Adam'>,datasets/pab1.tsv,datasets/pab1.pdb,GNIFIKNLHPDIDNKALYDTFSVFGDILSSKIATDENGKSKGFGFVHFEEEGAAKEAIDALNGMLLNGQEIYVAP,num_mutations,variant,score,20,6,None,100,5000,126,1,True,val_loss,0.01,20,auto,True,None,32,None,False,True,True,False,True,None,True,False,./result_files,[330_ 1000],False,0.001,trained_simple_model_d6/avgfp_25_02_2022_165502/avgfp_25_02_2022_165502,False,False,2.0
pab1_01_03_2022_091440,simple_model,<function simple_model at 0x7fe1c61fa4c0>,<class 'keras.optimizer_v2.adam.Adam'>,datasets/pab1.tsv,datasets/pab1.pdb,GNIFIKNLHPDIDNKALYDTFSVFGDILSSKIATDENGKSKGFGFVHFEEEGAAKEAIDALNGMLLNGQEIYVAP,num_mutations,variant,score,20,6,None,100,5000,126,1,True,val_loss,0.01,20,auto,True,None,32,None,False,True,True,False,True,result_files/pab1_01_03_2022_090650/pab1_01_03_2022_090650,True,False,./result_files,[330_ 1000],False,1e-05,None,False,False,1.0
pab1_01_03_2022_091638,simple_model,<function simple_model at 0x7fa357b1d4c0>,<class 'keras.optimizer_v2.adam.Adam'>,datasets/pab1.tsv,datasets/pab1.pdb,GNIFIKNLHPDIDNKALYDTFSVFGDILSSKIATDENGKSKGFGFVHFEEEGAAKEAIDALNGMLLNGQEIYVAP,num_mutations,variant,score,20,6,None,100,5000,126,1,True,val_loss,0.01,20,auto,True,None,8,None,False,True,True,False,True,result_files/pab1_01_03_2022_090650/pab1_01_03_2022_090650,True,False,./result_files,[330_ 1000],False,1e-05,None,False,False,1.0
pab1_01_03_2022_092110,simple_model,<function simple_model at 0x7f72c2cf0550>,<class 'keras.optimizer_v2.adam.Adam'>,datasets/pab1.tsv,datasets/pab1.pdb,GNIFIKNLHPDIDNKALYDTFSVFGDILSSKIATDENGKSKGFGFVHFEEEGAAKEAIDALNGMLLNGQEIYVAP,num_mutations,variant,score,20,6,None,100,5000,126,1,True,val_loss,0.01,20,auto,True,None,32,None,False,True,True,False,False,None,True,False,./result_files,[330_ 1000],False,1e-05,trained_simple_model_d6/avgfp_25_02_2022_165502/avgfp_25_02_2022_165502,True,False,3.0
pab1_01_03_2022_092427,simple_model,<function simple_model at 0x7f9bad1864c0>,<class 'keras.optimizer_v2.adam.Adam'>,datasets/pab1.tsv,datasets/pab1.pdb,GNIFIKNLHPDIDNKALYDTFSVFGDILSSKIATDENGKSKGFGFVHFEEEGAAKEAIDALNGMLLNGQEIYVAP,num_mutations,variant,score,20,6,None,100,5000,126,1,True,val_loss,0.01,20,auto,True,None,32,None,False,True,True,False,False,None,True,False,./result_files,[330_ 1000],False,1e-05,trained_simple_model_d6/avgfp_25_02_2022_165502/avgfp_25_02_2022_165502,False,False,2.0
pab1_01_03_2022_092749,simple_model,<function simple_model at 0x7fd6b39e84c0>,<class 'keras.optimizer_v2.adam.Adam'>,datasets/pab1.tsv,datasets/pab1.pdb,GNIFIKNLHPDIDNKALYDTFSVFGDILSSKIATDENGKSKGFGFVHFEEEGAAKEAIDALNGMLLNGQEIYVAP,num_mutations,variant,score,20,6,None,100,5000,126,1,True,val_loss,0.01,20,auto,True,None,32,None,False,True,True,False,False,None,True,False,./result_files,[330_ 1000],False,0.001,trained_simple_model_d6/avgfp_25_02_2022_165502/avgfp_25_02_2022_165502,False,False,2.0
gb1_01_03_2022_093158,simple_model,<function simple_model at 0x7f1ffdfb24c0>,<class 'keras.optimizer_v2.adam.Adam'>,datasets/gb1.tsv,datasets/gb1.pdb,MQYKLILNGKTLKGETTTEAVDAATAEKVFKQYANDNGVDGEWTYDDATKTFTVTE,num_mutations,variant,score,20,6,None,100,5000,0,1,True,val_loss,0.01,20,auto,True,None,32,None,False,True,True,False,False,None,True,False,./result_files,[434_ 1000],False,0.001,trained_simple_model_d6/avgfp_25_02_2022_165502/avgfp_25_02_2022_165502,False,False,0.0
gb1_01_03_2022_093235,simple_model,<function simple_model at 0x7fe2398554c0>,<class 'keras.optimizer_v2.adam.Adam'>,datasets/gb1.tsv,datasets/gb1.pdb,MQYKLILNGKTLKGETTTEAVDAATAEKVFKQYANDNGVDGEWTYDDATKTFTVTE,num_mutations,variant,score,20,6,None,100,5000,0,1,True,val_loss,0.01,20,auto,True,None,8,None,False,True,True,False,False,None,True,False,./result_files,[434_ 1000],False,0.001,trained_simple_model_d6/avgfp_25_02_2022_165502/avgfp_25_02_2022_165502,False,False,1.0
avgfp_01_03_2022_093531,simple_model,<function simple_model at 0x7fab97bab550>,<class 'keras.optimizer_v2.adam.Adam'>,datasets/avgfp.tsv,datasets/avgfp.pdb,SKGEELFTGVVPILVELDGDVNGHKFSVSGEGEGDATYGKLTLKFICTTGKLPVPWPTLVTTLSYGVQCFSRYPDHMKQHDFFKSAMPEGYVQERTIFFKDDGNYKTRAEVKFEGDTLVNRIELKGIDFKEDGNILGHKLEYNYNSHNVYIMADKQKNGIKVNFKIRHNIEDGSVQLADHYQQNTPIGDGPVLLPDNHYLSTQSALSKDPNEKRDHMVLLEFVTAAGITHGMDELYK,num_mutations,variant,score_wt_norm,20,6,None,100,5000,0,1,True,val_loss,0.01,20,auto,True,None,8,None,False,True,True,False,False,None,True,False,./result_files,[434_ 1000],False,0.001,trained_simple_model_d6/pab1_25_02_2022_090840/pab1_25_02_2022_090840,False,False,3.0
pab1_01_03_2022_094040,simple_model_norm,<function simple_model_norm at 0x7fc3eb763700>,<class 'keras.optimizer_v2.adam.Adam'>,datasets/pab1.tsv,datasets/pab1.pdb,GNIFIKNLHPDIDNKALYDTFSVFGDILSSKIATDENGKSKGFGFVHFEEEGAAKEAIDALNGMLLNGQEIYVAP,num_mutations,variant,score,20,6,None,100,5000,126,1,True,val_loss,0.01,20,auto,True,None,64,None,False,True,True,False,True,None,True,False,./result_files,[0.8_ 0.2],False,0.001,None,False,False,6.0
avgfp_01_03_2022_094929,simple_model_norm,<function simple_model_norm at 0x7f331a6dd670>,<class 'keras.optimizer_v2.adam.Adam'>,datasets/avgfp.tsv,datasets/avgfp.pdb,SKGEELFTGVVPILVELDGDVNGHKFSVSGEGEGDATYGKLTLKFICTTGKLPVPWPTLVTTLSYGVQCFSRYPDHMKQHDFFKSAMPEGYVQERTIFFKDDGNYKTRAEVKFEGDTLVNRIELKGIDFKEDGNILGHKLEYNYNSHNVYIMADKQKNGIKVNFKIRHNIEDGSVQLADHYQQNTPIGDGPVLLPDNHYLSTQSALSKDPNEKRDHMVLLEFVTAAGITHGMDELYK,num_mutations,variant,score_wt_norm,20,6,None,100,5000,0,1,True,val_loss,0.01,20,auto,True,None,32,None,False,True,True,False,False,None,True,False,./result_files,[400_ 1000],False,0.0001,None,False,False,5.0
avgfp_01_03_2022_095625,simple_model_norm,<function simple_model_norm at 0x7feb9f7f2670>,<class 'keras.optimizer_v2.adam.Adam'>,datasets/avgfp.tsv,datasets/avgfp.pdb,SKGEELFTGVVPILVELDGDVNGHKFSVSGEGEGDATYGKLTLKFICTTGKLPVPWPTLVTTLSYGVQCFSRYPDHMKQHDFFKSAMPEGYVQERTIFFKDDGNYKTRAEVKFEGDTLVNRIELKGIDFKEDGNILGHKLEYNYNSHNVYIMADKQKNGIKVNFKIRHNIEDGSVQLADHYQQNTPIGDGPVLLPDNHYLSTQSALSKDPNEKRDHMVLLEFVTAAGITHGMDELYK,num_mutations,variant,score_wt_norm,20,6,None,100,5000,0,1,True,val_loss,0.01,20,auto,True,None,32,None,False,True,True,False,False,None,True,False,./result_files,[400_ 1000],False,0.0001,result_files/pab1_01_03_2022_094040,False,False,nan
avgfp_01_03_2022_095644,simple_model_norm,<function simple_model_norm at 0x7f221d3cf670>,<class 'keras.optimizer_v2.adam.Adam'>,datasets/avgfp.tsv,datasets/avgfp.pdb,SKGEELFTGVVPILVELDGDVNGHKFSVSGEGEGDATYGKLTLKFICTTGKLPVPWPTLVTTLSYGVQCFSRYPDHMKQHDFFKSAMPEGYVQERTIFFKDDGNYKTRAEVKFEGDTLVNRIELKGIDFKEDGNILGHKLEYNYNSHNVYIMADKQKNGIKVNFKIRHNIEDGSVQLADHYQQNTPIGDGPVLLPDNHYLSTQSALSKDPNEKRDHMVLLEFVTAAGITHGMDELYK,num_mutations,variant,score_wt_norm,20,6,None,100,5000,0,1,True,val_loss,0.01,20,auto,True,None,32,None,False,True,True,False,False,None,True,False,./result_files,[400_ 1000],False,0.0001,result_files/pab1_01_03_2022_094040/pab1_01_03_2022_094040,False,False,nan
avgfp_01_03_2022_100239,simple_model_norm,<function simple_model_norm at 0x7f4ac19c9550>,<class 'keras.optimizer_v2.adam.Adam'>,datasets/avgfp.tsv,datasets/avgfp.pdb,SKGEELFTGVVPILVELDGDVNGHKFSVSGEGEGDATYGKLTLKFICTTGKLPVPWPTLVTTLSYGVQCFSRYPDHMKQHDFFKSAMPEGYVQERTIFFKDDGNYKTRAEVKFEGDTLVNRIELKGIDFKEDGNILGHKLEYNYNSHNVYIMADKQKNGIKVNFKIRHNIEDGSVQLADHYQQNTPIGDGPVLLPDNHYLSTQSALSKDPNEKRDHMVLLEFVTAAGITHGMDELYK,num_mutations,variant,score_wt_norm,20,6,None,100,5000,0,1,True,val_loss,0.01,20,auto,True,None,32,None,False,True,True,False,False,None,True,False,./result_files,[400_ 1000],False,0.0001,result_files/pab1_01_03_2022_094040/pab1_01_03_2022_094040,False,False,4.0
avgfp_01_03_2022_101116,simple_model,<function simple_model at 0x7fb3005dd430>,<class 'keras.optimizer_v2.adam.Adam'>,datasets/avgfp.tsv,datasets/avgfp.pdb,SKGEELFTGVVPILVELDGDVNGHKFSVSGEGEGDATYGKLTLKFICTTGKLPVPWPTLVTTLSYGVQCFSRYPDHMKQHDFFKSAMPEGYVQERTIFFKDDGNYKTRAEVKFEGDTLVNRIELKGIDFKEDGNILGHKLEYNYNSHNVYIMADKQKNGIKVNFKIRHNIEDGSVQLADHYQQNTPIGDGPVLLPDNHYLSTQSALSKDPNEKRDHMVLLEFVTAAGITHGMDELYK,num_mutations,variant,score_wt_norm,20,6,None,100,5000,0,1,True,val_loss,0.01,20,auto,True,None,32,None,False,True,True,False,False,None,True,False,./result_files,[400_ 1000],False,0.0001,None,False,False,11.0
avgfp_01_03_2022_104727,simple_model,<function simple_model at 0x7f10c40be3a0>,<class 'keras.optimizer_v2.adam.Adam'>,datasets/avgfp.tsv,datasets/avgfp.pdb,SKGEELFTGVVPILVELDGDVNGHKFSVSGEGEGDATYGKLTLKFICTTGKLPVPWPTLVTTLSYGVQCFSRYPDHMKQHDFFKSAMPEGYVQERTIFFKDDGNYKTRAEVKFEGDTLVNRIELKGIDFKEDGNILGHKLEYNYNSHNVYIMADKQKNGIKVNFKIRHNIEDGSVQLADHYQQNTPIGDGPVLLPDNHYLSTQSALSKDPNEKRDHMVLLEFVTAAGITHGMDELYK,num_mutations,variant,score_wt_norm,20,6,None,100,5000,0,1,True,val_loss,0.01,20,auto,True,None,32,None,False,True,True,False,False,None,True,False,./result_files,[400_ 1000],False,0.0001,trained_simple_model_d6/pab1_25_02_2022_090840/pab1_25_02_2022_090840,False,False,10.0
avgfp_01_03_2022_105844,simple_model_imp,<function simple_model_imp at 0x7f2792931820>,<class 'keras.optimizer_v2.adam.Adam'>,datasets/avgfp.tsv,datasets/avgfp.pdb,SKGEELFTGVVPILVELDGDVNGHKFSVSGEGEGDATYGKLTLKFICTTGKLPVPWPTLVTTLSYGVQCFSRYPDHMKQHDFFKSAMPEGYVQERTIFFKDDGNYKTRAEVKFEGDTLVNRIELKGIDFKEDGNILGHKLEYNYNSHNVYIMADKQKNGIKVNFKIRHNIEDGSVQLADHYQQNTPIGDGPVLLPDNHYLSTQSALSKDPNEKRDHMVLLEFVTAAGITHGMDELYK,num_mutations,variant,score_wt_norm,20,6,None,100,5000,0,1,True,val_loss,0.01,20,auto,True,None,32,None,False,True,True,False,False,None,True,False,./result_files,[400_ 1000],False,0.0001,trained_simple_model_d6/pab1_25_02_2022_090840/pab1_25_02_2022_090840,False,False,8.0
pab1_01_03_2022_111204,simple_model_imp,<function simple_model_imp at 0x7f68fb6a2790>,<class 'keras.optimizer_v2.adam.Adam'>,datasets/pab1.tsv,datasets/pab1.pdb,GNIFIKNLHPDIDNKALYDTFSVFGDILSSKIATDENGKSKGFGFVHFEEEGAAKEAIDALNGMLLNGQEIYVAP,num_mutations,variant,score,20,6,None,100,5000,126,1,True,val_loss,0.01,20,auto,True,None,32,None,False,True,True,False,False,None,True,False,./result_files,[330_ 1000],False,0.0001,None,False,False,3.0
pab1_01_03_2022_111659,simple_model_imp,<function simple_model_imp at 0x7f3edf367670>,<class 'keras.optimizer_v2.adam.Adam'>,datasets/pab1.tsv,datasets/pab1.pdb,GNIFIKNLHPDIDNKALYDTFSVFGDILSSKIATDENGKSKGFGFVHFEEEGAAKEAIDALNGMLLNGQEIYVAP,num_mutations,variant,score,20,6,None,100,5000,126,1,True,val_loss,0.01,20,auto,True,None,8,None,False,True,True,False,False,None,True,False,./result_files,[330_ 1000],False,0.0001,None,False,False,2.0
pab1_01_03_2022_111920,simple_stride_model,<function simple_stride_model at 0x7f6d17a59e50>,<class 'keras.optimizer_v2.adam.Adam'>,datasets/pab1.tsv,datasets/pab1.pdb,GNIFIKNLHPDIDNKALYDTFSVFGDILSSKIATDENGKSKGFGFVHFEEEGAAKEAIDALNGMLLNGQEIYVAP,num_mutations,variant,score,20,6,None,100,5000,126,1,True,val_loss,0.01,20,auto,True,None,8,None,False,True,True,False,False,None,True,False,./result_files,[330_ 1000],False,0.0001,None,False,False,1.0
pab1_01_03_2022_112105,shrinking_res,<function shrinking_res at 0x7fba9cacbaf0>,<class 'keras.optimizer_v2.adam.Adam'>,datasets/pab1.tsv,datasets/pab1.pdb,GNIFIKNLHPDIDNKALYDTFSVFGDILSSKIATDENGKSKGFGFVHFEEEGAAKEAIDALNGMLLNGQEIYVAP,num_mutations,variant,score,20,6,None,100,5000,126,1,True,val_loss,0.01,20,auto,True,None,8,None,False,True,True,False,False,None,True,False,./result_files,[330_ 1000],False,0.0001,None,False,False,1.0
pab1_01_03_2022_112241,shrinking_res,<function shrinking_res at 0x7fa9d2849af0>,<class 'keras.optimizer_v2.adam.Adam'>,datasets/pab1.tsv,datasets/pab1.pdb,GNIFIKNLHPDIDNKALYDTFSVFGDILSSKIATDENGKSKGFGFVHFEEEGAAKEAIDALNGMLLNGQEIYVAP,num_mutations,variant,score,20,6,None,100,5000,126,2,True,val_loss,0.01,20,auto,True,None,8,None,False,True,True,False,False,None,True,False,./result_files,[330_ 1000],False,0.0001,None,False,False,0.0
pab1_01_03_2022_112444,simple_stride_model,<function simple_stride_model at 0x7f87838dde50>,<class 'keras.optimizer_v2.adam.Adam'>,datasets/pab1.tsv,datasets/pab1.pdb,GNIFIKNLHPDIDNKALYDTFSVFGDILSSKIATDENGKSKGFGFVHFEEEGAAKEAIDALNGMLLNGQEIYVAP,num_mutations,variant,score,20,6,None,100,5000,126,1,True,val_loss,0.01,20,auto,True,None,8,None,False,True,True,False,False,None,True,False,./result_files,[330_ 1000],False,1e-05,None,False,False,1.0
pab1_01_03_2022_112606,simple_stride_model,<function simple_stride_model at 0x7fd0451f5e50>,<class 'keras.optimizer_v2.adam.Adam'>,datasets/pab1.tsv,datasets/pab1.pdb,GNIFIKNLHPDIDNKALYDTFSVFGDILSSKIATDENGKSKGFGFVHFEEEGAAKEAIDALNGMLLNGQEIYVAP,num_mutations,variant,score,20,6,None,100,5000,126,1,True,val_loss,0.01,20,auto,True,None,64,None,False,True,True,False,False,None,True,False,./result_files,[330_ 1000],False,0.001,None,False,False,1.0
pab1_01_03_2022_112901,simple_stride_model,<function simple_stride_model at 0x7f7edbafed30>,<class 'keras.optimizer_v2.adam.Adam'>,datasets/pab1.tsv,datasets/pab1.pdb,GNIFIKNLHPDIDNKALYDTFSVFGDILSSKIATDENGKSKGFGFVHFEEEGAAKEAIDALNGMLLNGQEIYVAP,num_mutations,variant,score,20,6,None,100,5000,126,1,True,val_loss,0.01,20,auto,True,None,64,None,False,True,True,False,False,None,True,False,./result_files,[330_ 1000],False,0.001,None,False,False,1.0
pab1_01_03_2022_113107,simple_model_norm,<function simple_model_norm at 0x7fd95bde6670>,<class 'keras.optimizer_v2.adam.Adam'>,datasets/pab1.tsv,datasets/pab1.pdb,GNIFIKNLHPDIDNKALYDTFSVFGDILSSKIATDENGKSKGFGFVHFEEEGAAKEAIDALNGMLLNGQEIYVAP,num_mutations,variant,score,20,6,None,100,5000,126,1,True,val_loss,0.01,20,auto,True,None,32,None,False,True,True,False,False,None,True,False,./result_files,[330_ 1000],False,0.001,None,False,False,3.0
avgfp_01_03_2022_113521,simple_model_norm,<function simple_model_norm at 0x7f6acc000700>,<class 'keras.optimizer_v2.adam.Adam'>,datasets/avgfp.tsv,datasets/avgfp.pdb,SKGEELFTGVVPILVELDGDVNGHKFSVSGEGEGDATYGKLTLKFICTTGKLPVPWPTLVTTLSYGVQCFSRYPDHMKQHDFFKSAMPEGYVQERTIFFKDDGNYKTRAEVKFEGDTLVNRIELKGIDFKEDGNILGHKLEYNYNSHNVYIMADKQKNGIKVNFKIRHNIEDGSVQLADHYQQNTPIGDGPVLLPDNHYLSTQSALSKDPNEKRDHMVLLEFVTAAGITHGMDELYK,num_mutations,variant,score_wt_norm,20,6,None,100,5000,0,1,True,val_loss,0.01,20,auto,True,None,32,None,False,True,True,False,False,None,True,False,./result_files,[330_ 1000],False,0.001,None,False,False,8.0
avgfp_01_03_2022_114519,simple_model_norm,<function simple_model_norm at 0x7f6a19713550>,<class 'keras.optimizer_v2.adam.Adam'>,datasets/avgfp.tsv,datasets/avgfp.pdb,SKGEELFTGVVPILVELDGDVNGHKFSVSGEGEGDATYGKLTLKFICTTGKLPVPWPTLVTTLSYGVQCFSRYPDHMKQHDFFKSAMPEGYVQERTIFFKDDGNYKTRAEVKFEGDTLVNRIELKGIDFKEDGNILGHKLEYNYNSHNVYIMADKQKNGIKVNFKIRHNIEDGSVQLADHYQQNTPIGDGPVLLPDNHYLSTQSALSKDPNEKRDHMVLLEFVTAAGITHGMDELYK,num_mutations,variant,score_wt_norm,20,6,None,100,5000,0,1,True,val_loss,0.01,20,auto,True,None,32,None,False,True,True,False,False,None,True,False,./result_files,[400_1000],False,0.001,None,False,False,17.0
pab1_01_03_2022_122343,simple_model_norm,<function simple_model_norm at 0x7f579c410670>,<class 'keras.optimizer_v2.adam.Adam'>,datasets/pab1.tsv,datasets/pab1.pdb,GNIFIKNLHPDIDNKALYDTFSVFGDILSSKIATDENGKSKGFGFVHFEEEGAAKEAIDALNGMLLNGQEIYVAP,num_mutations,variant,score,20,6,None,100,5000,126,1,True,val_loss,0.01,20,auto,True,None,32,None,False,True,True,False,False,None,True,False,./result_files,[330_1000],False,0.0001,None,False,False,4.0
pab1_01_03_2022_124309,simple_model_imp,<function simple_model_imp at 0x7fbbefeb6790>,<class 'keras.optimizer_v2.adam.Adam'>,datasets/pab1.tsv,datasets/pab1.pdb,GNIFIKNLHPDIDNKALYDTFSVFGDILSSKIATDENGKSKGFGFVHFEEEGAAKEAIDALNGMLLNGQEIYVAP,num_mutations,variant,score,20,6,None,100,5000,126,1,True,val_loss,0.01,20,auto,True,None,32,None,False,True,True,False,False,None,True,False,./result_files,[330_1000],False,0.0001,trained_simple_model_d6/avgfp_25_02_2022_165502/avgfp_25_02_2022_165502,False,False,1.0
pab1_01_03_2022_124524,simple_model_imp,<function simple_model_imp at 0x7f80dc064790>,<class 'keras.optimizer_v2.adam.Adam'>,datasets/pab1.tsv,datasets/pab1.pdb,GNIFIKNLHPDIDNKALYDTFSVFGDILSSKIATDENGKSKGFGFVHFEEEGAAKEAIDALNGMLLNGQEIYVAP,num_mutations,variant,score,20,6,None,10,5000,126,1,True,val_loss,0.01,20,auto,True,None,8,None,False,True,True,False,False,None,True,False,./result_files,[330_1000],False,0.0001,trained_simple_model_d6/avgfp_25_02_2022_165502/avgfp_25_02_2022_165502,False,False,0.0
pab1_01_03_2022_124639,simple_model_imp,<function simple_model_imp at 0x7f8fdb4c49d0>,<class 'keras.optimizer_v2.adam.Adam'>,datasets/pab1.tsv,datasets/pab1.pdb,GNIFIKNLHPDIDNKALYDTFSVFGDILSSKIATDENGKSKGFGFVHFEEEGAAKEAIDALNGMLLNGQEIYVAP,num_mutations,variant,score,20,6,None,10,5000,126,1,True,val_loss,0.01,20,auto,True,None,8,None,False,True,True,False,False,None,True,False,./result_files,[330_1000],False,0.0001,trained_simple_model_d6/avgfp_25_02_2022_165502/avgfp_25_02_2022_165502,False,False,1.0
pab1_01_03_2022_124745,simple_model_imp,<function simple_model_imp at 0x7fa7d34749d0>,<class 'keras.optimizer_v2.adam.Adam'>,datasets/pab1.tsv,datasets/pab1.pdb,GNIFIKNLHPDIDNKALYDTFSVFGDILSSKIATDENGKSKGFGFVHFEEEGAAKEAIDALNGMLLNGQEIYVAP,num_mutations,variant,score,20,6,None,100,5000,126,1,True,val_loss,0.01,20,auto,True,None,8,None,False,True,True,False,False,None,True,False,./result_files,[330_1000],False,0.0001,trained_simple_model_d6/avgfp_25_02_2022_165502/avgfp_25_02_2022_165502,False,False,1.0
pab1_01_03_2022_125043,simple_model_imp,<function simple_model_imp at 0x7f9fff93c790>,<class 'keras.optimizer_v2.adam.Adam'>,datasets/pab1.tsv,datasets/pab1.pdb,GNIFIKNLHPDIDNKALYDTFSVFGDILSSKIATDENGKSKGFGFVHFEEEGAAKEAIDALNGMLLNGQEIYVAP,num_mutations,variant,score,20,6,None,100,5000,126,1,True,val_loss,0.01,20,auto,True,None,32,None,False,True,True,False,False,None,True,False,./result_files,[330_1000],False,1e-05,trained_simple_model_d6/avgfp_25_02_2022_165502/avgfp_25_02_2022_165502,False,False,1.0
pab1_01_03_2022_125203,simple_model_imp,<function simple_model_imp at 0x7f9a17c7b790>,<class 'keras.optimizer_v2.gradient_descent.SGD'>,datasets/pab1.tsv,datasets/pab1.pdb,GNIFIKNLHPDIDNKALYDTFSVFGDILSSKIATDENGKSKGFGFVHFEEEGAAKEAIDALNGMLLNGQEIYVAP,num_mutations,variant,score,20,6,None,100,5000,126,1,True,val_loss,0.01,20,auto,True,None,32,None,False,True,True,False,False,None,True,False,./result_files,[330_1000],False,1e-05,trained_simple_model_d6/avgfp_25_02_2022_165502/avgfp_25_02_2022_165502,False,False,1.0
pab1_01_03_2022_125408,simple_model_imp,<function simple_model_imp at 0x7f506906c790>,<class 'tensorflow_addons.optimizers.weight_decay_optimizers.AdamW'>,datasets/pab1.tsv,datasets/pab1.pdb,GNIFIKNLHPDIDNKALYDTFSVFGDILSSKIATDENGKSKGFGFVHFEEEGAAKEAIDALNGMLLNGQEIYVAP,num_mutations,variant,score,20,6,None,100,5000,126,1,True,val_loss,0.01,20,auto,True,None,32,None,False,True,True,False,False,None,True,False,./result_files,[330_1000],False,1e-05,trained_simple_model_d6/avgfp_25_02_2022_165502/avgfp_25_02_2022_165502,False,False,5.0
pab1_01_03_2022_130019,simple_model_imp,<function simple_model_imp at 0x7f548a52a790>,<class 'tensorflow_addons.optimizers.weight_decay_optimizers.AdamW'>,datasets/pab1.tsv,datasets/pab1.pdb,GNIFIKNLHPDIDNKALYDTFSVFGDILSSKIATDENGKSKGFGFVHFEEEGAAKEAIDALNGMLLNGQEIYVAP,num_mutations,variant,score,20,6,None,100,5000,126,1,True,val_loss,0.01,20,auto,True,None,32,None,False,True,True,False,False,None,True,False,./result_files,[330_1000],False,0.001,trained_simple_model_d6/avgfp_25_02_2022_165502/avgfp_25_02_2022_165502,False,False,2.0
pab1_01_03_2022_130526,simple_model_imp,<function simple_model_imp at 0x7fc14ec9a790>,<class 'tensorflow_addons.optimizers.weight_decay_optimizers.AdamW'>,datasets/pab1.tsv,datasets/pab1.pdb,GNIFIKNLHPDIDNKALYDTFSVFGDILSSKIATDENGKSKGFGFVHFEEEGAAKEAIDALNGMLLNGQEIYVAP,num_mutations,variant,score,20,6,None,100,5000,126,1,True,val_loss,0.01,20,auto,True,None,32,None,False,True,True,False,False,None,True,False,./result_files,[330_1000],False,0.001,None,False,False,4.0
pab1_01_03_2022_131007,simple_model_imp,<function simple_model_imp at 0x7fb53493e790>,<class 'tensorflow_addons.optimizers.weight_decay_optimizers.AdamW'>,datasets/pab1.tsv,datasets/pab1.pdb,GNIFIKNLHPDIDNKALYDTFSVFGDILSSKIATDENGKSKGFGFVHFEEEGAAKEAIDALNGMLLNGQEIYVAP,num_mutations,variant,score,20,6,None,100,5000,126,1,True,val_loss,0.01,20,auto,True,None,32,None,False,True,True,False,False,None,True,False,./result_files,[330_1000],False,0.0001,None,False,False,2.0
pab1_01_03_2022_131252,simple_model_imp,<function simple_model_imp at 0x7fd1f2031790>,<class 'tensorflow_addons.optimizers.weight_decay_optimizers.AdamW'>,datasets/pab1.tsv,datasets/pab1.pdb,GNIFIKNLHPDIDNKALYDTFSVFGDILSSKIATDENGKSKGFGFVHFEEEGAAKEAIDALNGMLLNGQEIYVAP,num_mutations,variant,score,20,6,None,100,5000,126,1,True,val_loss,0.01,20,auto,True,None,32,None,False,True,True,False,False,None,True,False,./result_files,[330_1000],False,0.001,trained_simple_model_d6/avgfp_25_02_2022_165502/avgfp_25_02_2022_165502,False,False,0.0
gb1_01_03_2022_131501,simple_model_imp,<function simple_model_imp at 0x7f9544e4e790>,<class 'tensorflow_addons.optimizers.weight_decay_optimizers.AdamW'>,datasets/gb1.tsv,datasets/gb1.pdb,MQYKLILNGKTLKGETTTEAVDAATAEKVFKQYANDNGVDGEWTYDDATKTFTVTE,num_mutations,variant,score,20,6,None,100,5000,0,1,True,val_loss,0.01,20,auto,True,None,32,None,False,True,True,False,False,None,True,False,./result_files,[330_1000],False,0.001,trained_simple_model_d6/avgfp_25_02_2022_165502/avgfp_25_02_2022_165502,False,False,0.0
ube4b_01_03_2022_131621,simple_model_imp,<function simple_model_imp at 0x7f636ed0c790>,<class 'tensorflow_addons.optimizers.weight_decay_optimizers.AdamW'>,datasets/ube4b.tsv,datasets/ube4b.pdb,IEKFKLLAEKVEEIVAKNARAEIDYSDAPDEFRDPLMDTLMTDPVRLPSGTVMDRSIILRHLLNSPTDPFNRQMLTESMLEPVPELKEQIQAWMREKQSSDH,num_mutations,variant,score,20,6,None,100,5000,0,1,True,val_loss,0.01,20,auto,True,None,32,None,False,True,True,False,False,None,True,False,./result_files,[330_1000],False,0.001,trained_simple_model_d6/avgfp_25_02_2022_165502/avgfp_25_02_2022_165502,False,False,1.0
pab1_01_03_2022_190418,simple_model,<function simple_model at 0x7f9d524ae4c0>,<class 'keras.optimizer_v2.adam.Adam'>,datasets/pab1.tsv,datasets/pab1.pdb,GNIFIKNLHPDIDNKALYDTFSVFGDILSSKIATDENGKSKGFGFVHFEEEGAAKEAIDALNGMLLNGQEIYVAP,num_mutations,variant,score,20,6,None,100,5000,126,1,True,val_loss,0.01,20,auto,True,None,32,None,False,True,True,False,False,None,True,False,./result_files,[330_1000],False,0.001,trained_simple_model_d6/avgfp_25_02_2022_165502/avgfp_25_02_2022_165502,False,True,3.0
pab1_01_03_2022_190803,simple_model,<function simple_model at 0x7fec41f944c0>,<class 'keras.optimizer_v2.adam.Adam'>,datasets/pab1.tsv,datasets/pab1.pdb,GNIFIKNLHPDIDNKALYDTFSVFGDILSSKIATDENGKSKGFGFVHFEEEGAAKEAIDALNGMLLNGQEIYVAP,num_mutations,variant,score,20,6,None,100,5000,126,1,True,val_loss,0.01,20,auto,True,None,32,None,False,True,True,False,False,None,True,False,./result_files,[330_1000],False,0.001,None,False,True,nan
pab1_01_03_2022_190856,simple_model,<function simple_model at 0x7fcf8d14f4c0>,<class 'keras.optimizer_v2.adam.Adam'>,datasets/pab1.tsv,datasets/pab1.pdb,GNIFIKNLHPDIDNKALYDTFSVFGDILSSKIATDENGKSKGFGFVHFEEEGAAKEAIDALNGMLLNGQEIYVAP,num_mutations,variant,score,20,6,None,100,5000,126,1,True,val_loss,0.01,20,auto,True,None,32,None,False,True,True,False,False,None,True,False,./result_files,[330_1000],False,0.001,None,False,True,nan
pab1_01_03_2022_191028,simple_model,<function simple_model at 0x7f464678b4c0>,<class 'keras.optimizer_v2.adam.Adam'>,datasets/pab1.tsv,datasets/pab1.pdb,GNIFIKNLHPDIDNKALYDTFSVFGDILSSKIATDENGKSKGFGFVHFEEEGAAKEAIDALNGMLLNGQEIYVAP,num_mutations,variant,score,20,6,None,100,5000,126,1,True,val_loss,0.01,20,auto,True,None,32,None,False,True,True,False,False,None,True,False,./result_files,[330_1000],False,0.001,None,False,True,0.0
pab1_01_03_2022_194650,simple_stride_model,<function simple_stride_model at 0x7f3f480c4e50>,<class 'keras.optimizer_v2.adam.Adam'>,datasets/pab1.tsv,datasets/pab1.pdb,GNIFIKNLHPDIDNKALYDTFSVFGDILSSKIATDENGKSKGFGFVHFEEEGAAKEAIDALNGMLLNGQEIYVAP,num_mutations,variant,score,20,6,None,100,5000,126,1,True,val_loss,0.01,20,auto,True,None,64,None,False,True,True,False,True,None,True,False,./result_files,[0.8_0.2],False,0.001,None,False,True,12.0
avgfp_01_03_2022_195841,simple_stride_model,<function simple_stride_model at 0x7f3f480c4e50>,<class 'keras.optimizer_v2.adam.Adam'>,datasets/avgfp.tsv,datasets/avgfp.pdb,SKGEELFTGVVPILVELDGDVNGHKFSVSGEGEGDATYGKLTLKFICTTGKLPVPWPTLVTTLSYGVQCFSRYPDHMKQHDFFKSAMPEGYVQERTIFFKDDGNYKTRAEVKFEGDTLVNRIELKGIDFKEDGNILGHKLEYNYNSHNVYIMADKQKNGIKVNFKIRHNIEDGSVQLADHYQQNTPIGDGPVLLPDNHYLSTQSALSKDPNEKRDHMVLLEFVTAAGITHGMDELYK,num_mutations,variant,score_wt_norm,20,6,None,100,5000,0,1,True,val_loss,0.01,20,auto,True,None,64,None,False,True,True,False,True,None,True,False,./result_files,[0.8_0.2],False,0.001,None,False,True,161.0
gb1_01_03_2022_224014,simple_stride_model,<function simple_stride_model at 0x7f3f480c4e50>,<class 'keras.optimizer_v2.adam.Adam'>,datasets/gb1.tsv,datasets/gb1.pdb,MQYKLILNGKTLKGETTTEAVDAATAEKVFKQYANDNGVDGEWTYDDATKTFTVTE,num_mutations,variant,score,20,6,None,100,5000,0,1,True,val_loss,0.01,20,auto,True,None,64,None,False,True,True,False,True,None,True,False,./result_files,[0.8_0.2],False,0.001,None,False,True,91.0
ube4b_02_03_2022_001150,simple_stride_model,<function simple_stride_model at 0x7f3f480c4e50>,<class 'keras.optimizer_v2.adam.Adam'>,datasets/ube4b.tsv,datasets/ube4b.pdb,IEKFKLLAEKVEEIVAKNARAEIDYSDAPDEFRDPLMDTLMTDPVRLPSGTVMDRSIILRHLLNSPTDPFNRQMLTESMLEPVPELKEQIQAWMREKQSSDH,num_mutations,variant,score,20,6,None,100,5000,0,1,True,val_loss,0.01,20,auto,True,None,64,None,False,True,True,False,True,None,True,False,./result_files,[0.8_0.2],False,0.001,None,False,True,27.0
bgl3_02_03_2022_003855,simple_stride_model,<function simple_stride_model at 0x7f3f480c4e50>,<class 'keras.optimizer_v2.adam.Adam'>,datasets/bgl3.tsv,datasets/bgl3.pdb,VPAAQQTAMAPDAALTFPEGFLWGSATASYQIEGAAAEDGRTPSIWDTYARTPGRVRNGDTGDVATDHYHRWREDVALMAELGLGAYRFSLAWPRIQPTGRGPALQKGLDFYRRLADELLAKGIQPVATLYHWDLPQELENAGGWPERATAERFAEYAAIAADALGDRVKTWTTLNEPWCSAFLGYGSGVHAPGRTDPVAALRAAHHLNLGHGLAVQALRDRLPADAQCSVTLNIHHVRPLTDSDADADAVRRIDALANRVFTGPMLQGAYPEDLVKDTAGLTDWSFVRDGDLRLAHQKLDFLGVNYYSPTLVSEADGSGTHNSDGHGRSAHSPWPGADRVAFHQPPGETTAMGWAVDPSGLYELLRRLSSDFPALPLVITENGAAFHDYADPEGNVNDPERIAYVRDHLAAVHRAIKDGSDVRGYFLWSLLDNFEWAHGYSKRFGAVYVDYPTGTRIPKASARWYAEVARTGVLPTAGDPNSSSVDKLAAALEHHHHHH,num_mutations,variant,score,20,6,None,100,5000,1,1,True,val_loss,0.01,20,auto,True,None,64,None,False,True,True,False,True,None,True,False,./result_files,[0.8_0.2],False,0.001,None,False,True,nan
